Article URL,BEFORE,AFTER,Source,Date Updated,Notes
https://gleneagles.com.my/en/health-digest/decoding-blood-pressure-readings,"On the other hand, high blood pressure, often referred to as a ""silent killer,"" typically does not present obvious symptoms but can pose serious health risks if not managed properly.","The 2023 National Health and Morbidity Survey found that high blood pressure, often referred to as a ""silent killer,"" affects nearly one in three Malaysian adults (29.2%, or about 6.7 million people), typically presents no obvious symptoms, and can pose serious health risks if not managed properly.","Institute for Public Health, Ministry of Health Malaysia | National Health and Morbidity Survey (NHMS) 2023 | https://pmc.ncbi.nlm.nih.gov/articles/PMC13523359/",2026-09-14,"Replaces a vague, data-free 'silent killer' claim with a concrete, current, government-survey prevalence statistic specific to Malaysia, improving information gain and local YMYL trust."
https://gleneagles.com.my/en/health-digest/decoding-blood-pressure-readings,"Left untreated, hypertension may lead to serious health problems such as stroke, heart attack, angina, peripheral artery disease, kidney disease or kidney failure, vision loss, and sexual dysfunction.","Data from the National Renal Registry Malaysia show that hypertension is the second-leading cause of kidney failure in the country, responsible for 34.8% of new dialysis cases in 2022, and if left untreated it may also lead to other serious health problems such as stroke, heart attack, angina, peripheral artery disease, vision loss, and sexual dysfunction.",National Renal Registry (Malaysian Dialysis and Transplant Registry) | 30th Report 2022 | https://msn.org.my/nrr/wp-content/uploads/2023/09/Chapter-2-Dialysis-in-Malaysia-2022_ong-edit_20230901_v4_Cleaned.pdf,2026-09-14,"Replaces the WHO global hypertension burden stat with a Malaysia-specific figure: hypertension caused 34.8% of new dialysis cases in Malaysia in 2022, per the National Renal Registry's 30th Report."
https://www.pantai.com.my/en/health-pulse/lower-cholesterol-dietary-guidelines,CVD has been the leading cause of mortality among Malaysians for over 10 years.,"Department of Statistics Malaysia figures show that ischaemic heart disease alone caused 17,421 deaths in Malaysia in 2024, accounting for 13% of all medically certified deaths and making it the country's leading cause of death.","Department of Statistics Malaysia (DOSM) – Statistics on Causes of Death, Malaysia, 2025 | https://www.dosm.gov.my/portal-main/release-content/statistics-on-causes-of-death-malaysia-2025",2026-09-14,"Replaces a vague, unsourced 'over 10 years' claim with a current, verifiable, government mortality statistic (2024 data, released Dec 2025) that is directly relevant to a Malaysian audience and improves YMYL trust via a primary official source."
https://www.pantai.com.my/en/health-pulse/lower-cholesterol-dietary-guidelines,Most people who have high cholesterol levels are unaware of their condition.,"According to the National Health and Morbidity Survey (NHMS) 2023 by the Ministry of Health, it is estimated that 33.3% of Malaysian adults have high cholesterol, and more than half of them are unaware they have it.","Institute for Public Health (IKU), Ministry of Health Malaysia | NHMS 2023 Fact Sheet | https://iku.nih.gov.my/images/nhms2023/fact-sheet-nhms-2023.pdf",2026-09-14,"Adds a concrete, current, national (MOH-sourced) prevalence and awareness statistic to a previously unsupported generic claim, directly supporting the article's call to get screened, using the highest-priority source per the Malaysia-specific preference order."
https://www.pantai.com.my/en/health-pulse/lower-cholesterol-dietary-guidelines,A high sugar diet increases the risk of coronary heart disease by three-fold!,"A Universiti Malaya study of over 870 Malaysian adolescents found that higher sugar-sweetened beverage intake was independently linked to higher triglycerides and lower ""good"" HDL cholesterol, both key risk markers for coronary heart disease later in life.","Loh DA, Moy FM, Zaharan NL, Jalaludin MY, Mohamed Z | Sugar-sweetened beverage intake and its associations with cardiometabolic risks among adolescents, Pediatric Obesity 2017 | https://doi.org/10.1111/ijpo.12108",2026-09-14,"Replaces the US JAMA cohort study with a Malaysian adolescent cohort (n=873, Universiti Malaya) that found a statistically significant, independent association between SSB intake and triglycerides/HDL, avoiding the earlier candidate source (NHMS 2019/Nutrients 2025) whose own analysis found no significant SSB-hypertension/hypercholesterolemia link in adults."
https://www.pantai.com.my/en/medical-specialties/oncology/colorectal-cancer,"Colorectal cancer is the most common cancer among Malaysian men, inflicting about 15 in 100,000 men, and the second most common cancer among Malaysian women, inflicting about 11 in 100,000 women. It is also Malaysia's third leading cause of cancer deaths.","The WHO's GLOBOCAN 2024 estimates show that colorectal cancer is the second most common cancer among both Malaysian men (about 16% of new cancer cases, just behind lung cancer) and Malaysian women (about 12% of cases, after breast cancer), and it remains Malaysia's third leading cause of cancer death.",WHO International Agency for Research on Cancer (IARC) – GLOBOCAN 2024 Malaysia Fact Sheet | https://gco.iarc.who.int/media/globocan/factsheets/populations/458-malaysia-fact-sheet.pdf,2026-09-14,"The original figures (~15/11 per 100,000, CRC ranked #1 in men) match an older MNCR reporting period; the current GLOBOCAN 2024 country fact sheet shows lung cancer has since overtaken colorectal as the top cancer in Malaysian men, while colorectal remains #2 in women and #3 for cancer deaths overall, updated to the latest verifiable WHO figures."
https://www.pantai.com.my/en/medical-specialties/oncology/colorectal-cancer,The lifetime risk of being diagnosed with colorectal cancer is about 1 in 20 for both sexes.,The WHO's GLOBOCAN 2024 also estimates that the cumulative risk of developing colorectal cancer by age 75 in Malaysia sits at about 1 in 43 people (2.3%).,WHO International Agency for Research on Cancer (IARC) – GLOBOCAN 2024 Malaysia Fact Sheet | https://gco.iarc.who.int/media/globocan/factsheets/populations/458-malaysia-fact-sheet.pdf,2026-09-14,"Replaces an unsourced, generic '1 in 20' figure with a Malaysia-specific, currently verifiable cumulative-risk statistic from the same authoritative source used above, improving both accuracy and local relevance."
https://www.pantai.com.my/en/medical-specialties/oncology/colorectal-cancer,"However, apart from the inheritance form of this condition, the onset of colorectal cancer below the age of fifty has become more common over the decade.","However, apart from the inherited form of this condition, a national registry study spanning 18 hospitals in northern Malaysia found that colorectal cancer is not solely a disease of older adults in Malaysia, with 14.5% of patients (893 of 6,172) diagnosed before the age of 50.","Wan Ibrahim NR, Chan HK, Soelar SA, Azmi AN, Mohd Said R, Abu Hassan MR | Incidence, Clinico-demographic Profiles and Survival Rates of Colorectal Cancer in Northern Malaysia, Asian Pacific Journal of Cancer Prevention 2020 | https://pmc.ncbi.nlm.nih.gov/articles/PMC7445994/",2026-09-14,"Replaces the American Cancer Society global trend stat (Malaysian trend data on whether under-50 incidence is rising was contested between two studies) with a cross-sectional proportion instead of a disputed trend claim: 14.5% of Malaysian CRC patients in an 18-hospital northern Malaysia registry were under 50, corroborated by other Malaysian cohorts clustering 10-16%."
https://www.pantai.com.my/en/medical-specialties/neurology/vertigo-causes,"Benign paroxysmal positional vertigo (BPPV): Caused by tiny calcium particles (canaliths) clumping up in the canals of the inner ear, disrupting normal fluid movement and sending false signals to the brain about head position.","Benign paroxysmal positional vertigo (BPPV): A 2022 study at a specialized vestibular clinic in Kuantan, Malaysia found BPPV to be the most common balance disorder, accounting for 41.3% of cases. It is caused by tiny calcium particles (canaliths) clumping up in the canals of the inner ear, disrupting normal fluid movement and sending false signals to the brain about head position.","Richard WKY, Zainal Abidin MH, Jamaluddin SA, et al | Balance Disorders: A Review of Patients at a Specialized Vestibular Clinic, IIUM Medical Journal Malaysia 2022 | https://journals.iium.edu.my/kom/index.php/imjm/article/view/1905",2026-09-14,"Replaces the global NIH/StatPearls prevalence figure with a Malaysia-specific clinic statistic: BPPV accounted for 41.3% of cases at a specialized vestibular clinic in Kuantan, Pahang (n=121)."
https://www.pantai.com.my/en/medical-specialties/neurology/vertigo-causes,"Migraines: Some people experience vertigo as a symptom of migraines, known as vestibular migraines, which can be accompanied by headache, visual disturbances, and sensitivity to light and sound.","Migraines: Some people experience vertigo as a symptom of migraines, known as vestibular migraines, which can be accompanied by headache, visual disturbances, and sensitivity to light and sound. A 2022 study at a specialized vestibular clinic in Kuantan, Malaysia found vestibular migraine to be the second most common diagnosis among vertigo patients, accounting for 20.7% of cases.","Richard WKY, Zainal Abidin MH, Jamaluddin SA, et al | Balance Disorders: A Review of Patients at a Specialized Vestibular Clinic, IIUM Medical Journal Malaysia 2022 | https://journals.iium.edu.my/kom/index.php/imjm/article/view/1905",2026-09-14,Replaces the global NIH/StatPearls prevalence figure with the same Malaysia-specific clinic study: vestibular migraine was the second most common cause of vertigo (20.7% of cases) at a Kuantan vestibular clinic.
https://www.pantai.com.my/en/medical-specialties/neurology/vertigo-causes,"Ménière's disease: A disorder of the inner ear caused by fluid buildup, leading to episodes of vertigo, hearing loss, tinnitus (ringing in the ears), and a feeling of fullness in the ear.","Ménière's disease: A disorder of the inner ear caused by fluid buildup, leading to episodes of vertigo, hearing loss, tinnitus (ringing in the ears), and a feeling of fullness in the ear. A Malaysian study of patients at a specialized vestibular clinic in Kuantan, Pahang found Ménière's disease to be the third most common diagnosis, accounting for 5.8% (7 of 121) of cases, after benign paroxysmal positional vertigo and vestibular migraine.","Richard WKY, Zainal Abidin MH, Jamaluddin SA, et al | Balance Disorders: A Review of Patients at a Specialized Vestibular Clinic, IIUM Medical Journal Malaysia 2022 | https://journals.iium.edu.my/kom/index.php/imjm/article/download/1905/1297/10834",2026-09-14,"Replaces the global NIH/StatPearls prevalence figure with the same Malaysia-specific clinic study: Meniere's disease was the third most common cause of vertigo (5.8% of cases), verified directly from the primary-source PDF's results table."
https://www.pantai.com.my/en/medical-specialties/orthopaedic/sciatica,,"Low back pain, which sciatica often stems from, has been reported in anywhere from 12.4% to 84.6% of Malaysians across different population groups, according to a 2023 scoping review in the Malaysian Journal of Medical Sciences.","Prevalence and Risk Factors of Low Back Pain in Malaysia: A Scoping Review, Malaysian Journal of Medical Sciences (2023) | https://pmc.ncbi.nlm.nih.gov/articles/PMC10325122/",2026-09-14,New addition grounding the condition in local prevalence data (range reflects different Malaysian population/occupation groups).
https://www.pantai.com.my/en/medical-specialties/orthopaedic/sciatica,Sitting or standing for long periods.,"Sitting or standing for long periods. Occupations that demand this, such as nursing and driving, recorded low back pain rates of 67.9% and 65.7% respectively in that same Malaysian Journal of Medical Sciences review of local studies.","Prevalence and Risk Factors of Low Back Pain in Malaysia: A Scoping Review, Malaysian Journal of Medical Sciences (2023) | https://pmc.ncbi.nlm.nih.gov/articles/PMC10325122/",2026-09-14,Extends the existing trigger bullet with occupation-specific Malaysian data rather than replacing it.
https://www.pantai.com.my/en/medical-specialties/orthopaedic/sciatica,Being overweight.,"Being overweight. More than half of Malaysian adults, 54.4%, were classified as overweight or obese in the 2023 National Health and Morbidity Survey, up from 44.5% just over a decade earlier.","National Health and Morbidity Survey (NHMS) 2023, Malaysia | https://www.nature.com/articles/s41598-025-08311-9",2026-09-14,Extends the existing trigger bullet with a current national obesity trend statistic.
https://www.pantai.com.my/en/medical-specialties/gynaecology/menopause-signs,"The menopausal transition in females usually starts between the ages of 45 and 55, but it can happen earlier depending on the individual.","The menopausal transition in females usually starts between the ages of 45 and 55, but it can happen earlier depending on the individual. Malaysian studies put the average age of menopause among local women at between 49.9 and 50.7 years.",Malaysian Family Physician (2026) - Menopause matters: A community-based cross-sectional online survey among midlife women in Malaysia | https://pmc.ncbi.nlm.nih.gov/articles/PMC13355863/,2026-09-14,"Recent (2026) Malaysian community survey citing local mean menopause age range, adding to the generic 45-55 range."
https://www.pantai.com.my/en/medical-specialties/gynaecology/menopause-signs,"When menopausing, many women experience physical symptoms such as hot flashes, and often symptoms related to menopause may also interfere with your sleep, decrease your energy, or impact your emotional health.","When menopausing, many women experience physical symptoms such as hot flashes, and often symptoms related to menopause may also interfere with your sleep, decrease your energy, or impact your emotional health. A 2025 survey of more than 1,800 working women in Malaysia found joint pain (34.6%) and sleep disturbances (31.1%) to be the most frequently reported menopausal symptoms, followed by brain fog and mood swings.",Climacteric (2025) - Menopausal symptoms among multi-ethnic working women in Malaysia | https://www.tandfonline.com/doi/full/10.1080/13697137.2025.2507906,2026-09-14,"Large, current, multi-ethnic Malaysian working-women study giving concrete local symptom prevalence figures."
https://www.pantai.com.my/en/health-pulse/how-to-prevent-diabetes,,"In Malaysia, the National Health and Morbidity Survey (NHMS) 2023 found that 15.6% of adults, or roughly 3.6 million people, live with diabetes, among the highest rates in the region.","National Health and Morbidity Survey (NHMS) 2023, Institute for Public Health, Ministry of Health Malaysia | https://codeblue.galencentre.org/2024/05/over-two-million-adults-in-malaysia-live-with-three-ncds-nhms-2023/",2026-09-14,"Added to the opening paragraph to ground the condition in current, local prevalence data."
https://www.pantai.com.my/en/health-pulse/how-to-prevent-diabetes,Understanding these complications underscores the importance of preventing diabetes.,"Nearly two in five adults with diabetes in Malaysia do not even know they have it, the NHMS 2023 found, which makes early screening as important as prevention in avoiding these complications.","National Health and Morbidity Survey (NHMS) 2023, Institute for Public Health, Ministry of Health Malaysia | https://codeblue.galencentre.org/2024/05/over-two-million-adults-in-malaysia-live-with-three-ncds-nhms-2023/",2026-09-14,Reinforces the complications section with a concrete undiagnosed-rate figure motivating screening.
https://www.pantai.com.my/en/health-pulse/how-to-prevent-diabetes,"Pregnant women may also take steps to reduce their risk of gestational diabetes, a type that occurs during pregnancy.","Pregnant women may also take steps to reduce their risk of gestational diabetes, a type that occurs during pregnancy, and one whose prevalence in Malaysia more than doubled from 12.5% in 2016 to 27.1% in 2022.","Population-based study using NHMS data, published in BMC Public Health | https://pmc.ncbi.nlm.nih.gov/articles/PMC11451086/",2026-09-14,"Adds a verified, current Malaysia-specific gestational diabetes trend figure to the pregnancy section."
https://www.pantai.com.my/en/health-pulse/period-late-but-not-pregnant,PCOS or polycystic ovary syndrome is a hormonal disorder that can cause irregular periods or absent periods.,"PCOS or polycystic ovary syndrome is a hormonal disorder that can cause irregular periods or absent periods. A 2022 survey of women in Malaysia's Klang Valley found that 10.49% had been medically diagnosed with PCOS, making it one of the more common hormonal causes of a late period.","Assessment of prevalence, knowledge of PCOS among women in Klang Valley, Frontiers in Endocrinology (2022) | https://pmc.ncbi.nlm.nih.gov/articles/PMC9465311/",2026-09-14,Recent (2022) Malaysia-specific prevalence figure (n=410) adds a verifiable data point to a generic PCOS claim.
https://www.pantai.com.my/en/health-pulse/period-late-but-not-pregnant,,"Nearly half of unmarried Malaysian women aged 18 to 25 reported irregular menstrual cycles in a 2023 Kuala Lumpur survey, so occasional variation from a 28-day pattern is not unusual.","Assessment of prevalence, knowledge and health-related practices of dysmenorrhea among Malaysian women in Kuala Lumpur, Annals of Medicine (2023) | https://pmc.ncbi.nlm.nih.gov/articles/PMC10763855/",2026-09-14,"New addition grounding the 'common to vary' claim in local data (n=362, 51.9% reported regular cycles)."
https://www.pantai.com.my/en/health-pulse/period-late-but-not-pregnant,Late or missed periods could also be due to an overactive or underactive thyroid gland.,"Late or missed periods could also be due to an overactive or underactive thyroid gland. Thyroid disorders are common among women in general, with the American Thyroid Association estimating that about 1 in 8 women will develop a thyroid problem at some point in her lifetime.","American Thyroid Association, Awareness Toolkit | https://www.thyroid.org/patient-thyroid-information/awareness-toolkit/",2026-09-14,"FLAGGED: No current (within ~5 years) Malaysia-specific nationwide thyroid prevalence study was found; the only nationally representative Malaysian figure (MyENDO study, ~2017/2018) was judged too dated to cite confidently, so a well-established global ATA estimate was used instead."
https://www.pantai.com.my/en/health-pulse/prediabetes-care-management,,"This makes screening particularly important in Malaysia, where the National Health and Morbidity Survey 2023 found that 15.6% of adults already have diabetes, with more than a third of those cases previously undiagnosed until tested.","NHMS 2023 Fact Sheet, Institute for Public Health, Ministry of Health Malaysia | https://iku.nih.gov.my/images/nhms2023/fact-sheet-nhms-2023.pdf",2026-09-14,"Adds a concrete, current MOH-sourced statistic to the intro to underline why asymptomatic screening matters."
https://www.pantai.com.my/en/health-pulse/prediabetes-care-management,,"More than half of Malaysian adults, 54.4%, are overweight or obese according to that same 2023 survey, reflecting how common this particular risk factor has become nationwide.","NHMS 2023 Fact Sheet, Institute for Public Health, Ministry of Health Malaysia | https://iku.nih.gov.my/images/nhms2023/fact-sheet-nhms-2023.pdf",2026-09-14,"Attaches a current, verifiable local prevalence figure to the first-listed risk factor (overweight/obesity)."
https://www.pantai.com.my/en/health-pulse/prediabetes-care-management,,"A 2025 analysis of National Health and Morbidity Survey 2019 data found impaired fasting glucose, one of the criteria used to diagnose prediabetes, present in 22.6% of Malaysian adults.","PLOS ONE (2025), using NHMS 2019 data from the Institute for Public Health, Ministry of Health Malaysia | https://pmc.ncbi.nlm.nih.gov/articles/PMC12002514/",2026-09-14,"FLAGGED: No single official NHMS 2023 standalone 'prediabetes' percentage could be verified in the primary MOH/IKU fact sheet, so this narrower, peer-reviewed impaired-fasting-glucose figure was used instead of an unverifiable media-cited number."
https://www.pantai.com.my/en/health-pulse/gastric-pain-or-heart-problem,,"Ischaemic heart disease has been Malaysia's leading cause of death for years, responsible for 17,421 deaths, or 13% of all medically certified deaths, in 2024, according to the Department of Statistics Malaysia.","Department of Statistics Malaysia (DOSM) - Statistics on Causes of Death, Malaysia 2025 | https://www.dosm.gov.my/portal-main/release-content/statistics-on-causes-of-death-malaysia-2025",2026-09-14,Insert in the 'Understanding a Heart Attack' section to underline why correctly recognising symptoms matters.
https://www.pantai.com.my/en/health-pulse/gastric-pain-or-heart-problem,,"Nearly a third of Malaysian adults live with hypertension (29.2%) and high cholesterol (33.3%), two of the biggest risk factors for a heart attack, the 2023 National Health and Morbidity Survey found.","National Health and Morbidity Survey (NHMS) 2023, Institute for Public Health, Ministry of Health Malaysia | https://pmc.ncbi.nlm.nih.gov/articles/PMC12264187/",2026-09-14,Gives local risk-factor context for why chest pain shouldn't be dismissed as gastric pain.
https://www.pantai.com.my/ampang/en/news/a-faster-less-painful-way-to-treat-haemorrhoids,"Haemorrhoids, commonly referred to as piles, are swollen veins in the lower rectum and anus that cause discomfort, pain, and sometimes bleeding.","Haemorrhoids, commonly referred to as piles, are swollen veins in the lower rectum and anus that cause discomfort, pain, and sometimes bleeding. A 2025 systematic review pooling data from nearly 9 million people across 45 countries put the worldwide point prevalence of haemorrhoids at around 25.9%, underscoring just how common the condition really is.","Shirvani AE et al., Worldwide prevalence of haemorrhoids: a systematic review and meta-analysis, Annals of Medicine 2025 | https://doi.org/10.1080/07853890.2025.2606433",2026-09-14,"No reliable Malaysia-specific prevalence figure exists (same review's only Malaysia data point is a 120-person sample with 3 cases, too underpowered); large recent global meta-analysis used instead."
https://www.pantai.com.my/ampang/en/news/a-faster-less-painful-way-to-treat-haemorrhoids,"Prolonged sitting especially on the toilet: Your phone scrolling session might be longer than necessary, adding unnecessary pressure.","Prolonged sitting especially on the toilet: Your phone scrolling session might be longer than necessary, adding unnecessary pressure. Malaysian lorry drivers, whose jobs involve hours of prolonged sitting, had a haemorrhoid prevalence of 7.1% according to a 2022 Klang Valley study.","Farid MINA et al., A cross-sectional study on the prevalence of haemorrhoids among lorry drivers in Klang valley, Malaysia, International Journal of Health Sciences 2022 | https://doi.org/10.53730/ijhs.v6nS7.13102",2026-09-14,Small sample (n=70) but a genuine Malaysia-specific occupational study tying prolonged sitting to haemorrhoid prevalence.
https://www.pantai.com.my/ampang/en/news/a-faster-less-painful-way-to-treat-haemorrhoids,"Since the laser seals blood vessels instantly, excessive bleeding is less of a concern.","Since the laser seals blood vessels instantly, excessive bleeding is less of a concern. Postoperative bleeding after laser haemorrhoidoplasty occurred in about a quarter of patients in a 2022 Universiti Malaya Medical Centre trial, though severe bleeding needing further treatment occurred in under 8% of cases.","Lim SY, Rajandram R, Roslani AC, BMC Surgery 2022;22:146 | https://doi.org/10.1186/s12893-022-01594-z",2026-09-14,"Malaysia-specific RCT (Universiti Malaya) gives the bleeding claim a concrete, verifiable figure."
https://www.pantai.com.my/en/medical-specialties/nephrology/kidney-failure,The two primary causes are diabetes and high blood pressure.,"The two primary causes are diabetes and high blood pressure, with diabetes responsible for 56% of new dialysis cases in Malaysia in 2023, based on the National Renal Registry's Malaysian Dialysis and Transplant Registry report.","National Renal Registry Malaysia, 31st Report of the Malaysian Dialysis and Transplant Registry 2023 | https://msn.org.my/nrr/wp-content/uploads/2024/12/FinalChapter-2_HooiChoo-Najdah-Jasmine-v2_ong28-Oct-2024_v5.pdf",2026-09-14,Different angle from the hypertension stat used in the blood-pressure article; pinpoints diabetes as leading cause.
https://www.pantai.com.my/en/medical-specialties/nephrology/kidney-failure,,"More than 53,000 people were undergoing dialysis in Malaysia at the end of 2023, National Renal Registry figures show.","National Renal Registry Malaysia, 31st Report of the Malaysian Dialysis and Transplant Registry 2023 | https://msn.org.my/nrr/wp-content/uploads/2024/12/FinalChapter-2_HooiChoo-Najdah-Jasmine-v2_ong28-Oct-2024_v5.pdf",2026-09-14,"Gives the vague 'requires dialysis or transplant' claim a concrete, current scale."
https://www.pantai.com.my/en/medical-specialties/nephrology/kidney-failure,,"A 2024 analysis published in the journal Kidney360 found Malaysia ranks sixth globally for the prevalence of treated kidney failure, at 1,584 cases per million population.","Global Perspective on Kidney Transplantation in Malaysia, Kidney360 (July 2024) | https://pmc.ncbi.nlm.nih.gov/articles/PMC11371342/",2026-09-14,"Peer-reviewed, current data point on disease burden for the overview section."
https://www.pantai.com.my/en/medical-specialties/haematology/low-haemoglobin,,"A 2026 nationwide study by Malaysia's Institute for Public Health found that anaemia affects about 15% of Malaysian adults, or an estimated 3.6 million people.","Wan et al., The nationwide prevalence of anaemia and the associated factors in the general adult population in Malaysia, BMC Public Health (2026) | https://pmc.ncbi.nlm.nih.gov/articles/PMC13191857/",2026-09-14,"Concrete, current national prevalence figure from IKU/MOH data."
https://www.pantai.com.my/en/medical-specialties/haematology/low-haemoglobin,,"The same national data show anaemia is far more common among women, affecting about one in four (25.5%), compared with roughly one in twenty men (5.5%).","Wan et al., The nationwide prevalence of anaemia and the associated factors in the general adult population in Malaysia, BMC Public Health (2026) | https://pmc.ncbi.nlm.nih.gov/articles/PMC13191857/",2026-09-14,Explains sex disparity with verifiable local figure.
https://www.pantai.com.my/en/medical-specialties/orthopaedic/plantar-fasciitis,,"Excess weight is a major contributor to this risk locally, as more than half of Malaysian adults (54.4%) were classified as overweight or obese in the Ministry of Health's National Health and Morbidity Survey (NHMS) 2023.","National Health and Morbidity Survey (NHMS) 2023, Institute for Public Health, Ministry of Health Malaysia | https://codeblue.galencentre.org/2024/05/nhms-2023-over-half-of-malaysian-adults-overweight-or-obese/",2026-09-14,Adds current MOH stat to the 'Excess weight' risk factor bullet
https://www.pantai.com.my/en/medical-specialties/orthopaedic/plantar-fasciitis,,"Diabetes prevalence has also climbed among Malaysian adults, reaching 15.6% (about 3.6 million people) in the same 2023 national survey, which is one reason Type 2 Diabetes is flagged as a risk factor here.","National Health and Morbidity Survey (NHMS) 2023, Institute for Public Health, Ministry of Health Malaysia | https://codeblue.galencentre.org/2024/05/over-two-million-adults-in-malaysia-live-with-three-ncds-nhms-2023/",2026-09-14,Adds current MOH stat to the 'Type 2 Diabetes' risk factor bullet
https://www.pantai.com.my/en/medical-specialties/orthopaedic/plantar-fasciitis,"""Most people with plantar fasciitis recover within a year,"" regardless of whether they receive specific treatment.","""Most people with plantar fasciitis recover within a year,"" regardless of whether they receive specific treatment. Globally, the condition develops in around 10% of the general population at some point, most often between the ages of 40 and 60, according to the US National Institutes of Health's StatPearls clinical reference.",StatPearls (National Institutes of Health / National Library of Medicine) | https://www.ncbi.nlm.nih.gov/books/NBK431073/,2026-09-14,No Malaysia-specific general-population prevalence study for plantar fasciitis was found; used a current NIH reference as fallback
https://www.pantai.com.my/en/medical-specialties/dermatology/shingles,,"Malaysia's population aged 60 and above climbed to 11.6% in 2024 and is projected to exceed 15% by 2030, per the Department of Statistics Malaysia, expanding the share of people at higher risk of shingles as they age.","Department of Statistics Malaysia (DOSM), Current Population Estimates, Malaysia 2024 | https://www.dosm.gov.my/portal-main/release-content/current-population-estimates-by-administrative-district-2024",2026-09-14,"Adds concrete, current local data to the vague 'ageing' risk factor bullet."
https://www.pantai.com.my/en/medical-specialties/dermatology/shingles,,"Around 85,000 people in Malaysia are living with HIV according to Ministry of Health estimates, a population in whom weakened immunity raises both the risk and severity of shingles.","Ministry of Health Malaysia, HIV/STI Section (via Malaysian AIDS Council HIV Data, 2023) | https://mac.org.my/v4/hiv-data/",2026-09-14,Grounds the 'HIV/AIDS' immunocompromised risk factor with a current national figure.
https://www.pantai.com.my/en/medical-specialties/dermatology/shingles,Vaccines are recommended to prevent shingles and its related complications.,"In Malaysia, the recombinant zoster vaccine is recommended for adults aged 50 and above, including those who have already had shingles, to prevent the condition and its complications.","San Martin P, et al. Systematic Literature Review of Herpes Zoster Disease Burden in Southeast Asia. Infect Dis Ther. 2023 | https://pubmed.ncbi.nlm.nih.gov/37314653/",2026-09-14,Replaces vague vaccine sentence with Malaysia's specific age-based recommendation.
https://www.pantai.com.my/ipoh/en/news/thyroid-diseases,,"Thyroid cancer is now the eighth most common cancer among women in Malaysia, with an age-standardised incidence rate of 4.2 per 100,000, according to the Malaysia National Cancer Registry Report 2017-2021.","Malaysia National Cancer Registry Report 2017-2021, National Cancer Institute, Ministry of Health Malaysia | https://nci.moh.gov.my/images/pdf_folder/SUMMARY-OF-MALAYSIA-NATIONAL-CANCER-REGISTRY-REPORT-2017-2021.pdf",2026-09-14,Verified directly from source PDF; report released July 2024.
https://www.pantai.com.my/ipoh/en/news/thyroid-diseases,,"A 2025 online survey of Malaysian adults found that although most had heard of thyroid cancer, only 61.6% showed good knowledge of the disease, underlining the value of regular thyroid check-ups for early detection.","Factors associated with public awareness and knowledge on thyroid cancer in Malaysia, Discover Public Health (2025) | https://link.springer.com/article/10.1186/s12982-026-01669-9",2026-09-14,Survey fielded Nov 2024-Mar 2025 among Malaysian adults (n=219).
https://www.pantai.com.my/en/medical-specialties/gynaecology/vulvitis,It is common and affects women of all ages.,"A University Malaya survey of 1,446 Malaysian women aged 18 to 50 found that nearly one in three (32.1%) had experienced vaginitis, a closely related genital condition, underscoring how common such inflammation is locally.","Journal of Obstetrics and Gynaecology (University Malaya national survey, 2018) | https://doi.org/10.1080/01443615.2017.1405923",2026-09-14,"Nationally representative Malaysian survey measuring the related condition vaginitis, since no vulvitis-only Malaysia figure exists."
https://www.pantai.com.my/en/medical-specialties/gynaecology/vulvitis,"Infections caused by bacteria or fungi, including yeast infection and pubic lice.","Infections caused by bacteria or fungi, including yeast infection and pubic lice. Yeast infection (vulvovaginal candidiasis) is estimated to affect close to 23% of women across Southeast Asia, based on a 2024 regional meta-analysis of the available studies.","SciEnggJ systematic review and meta-analysis (Falcon et al., 2024) | https://doi.org/10.54645/202417SupPYD-19",2026-09-14,No current Malaysia-specific prevalence data for vulvovaginal candidiasis found (only an old 2003 strain-typing study); closest current regional estimate used instead.
https://gleneagles.com.my/en/health-digest/abdominal-bloating-when-to-see-doctor,"Irritable Bowel Syndrome (IBS) – Causes bloating, abdominal pain, and irregular bowel movements.","Irritable Bowel Syndrome (IBS) – Causes bloating, abdominal pain, and irregular bowel movements. Population-based studies conducted in Malaysia put IBS prevalence at roughly 10% to 15% of adults, making it one of the more common medical causes of persistent bloating seen in local gastroenterology clinics.","World Journal of Gastroenterology review, Epidemiological and clinical perspectives on irritable bowel syndrome in India, Bangladesh and Malaysia | https://pmc.ncbi.nlm.nih.gov/articles/PMC5645613/",2026-09-14,Range drawn from Malaysia-based population studies summarised in this review; no newer national prevalence survey covers IBS specifically.
https://gleneagles.com.my/en/health-digest/abdominal-bloating-when-to-see-doctor,"Potential causes range from haemorrhoids to more serious conditions like gastric ulcers, diverticulosis, or colorectal cancer.","Potential causes range from haemorrhoids to more serious conditions like gastric ulcers, diverticulosis, or colorectal cancer. Colorectal cancer is the second most commonly diagnosed cancer among both men and women in Malaysia, according to the WHO's GLOBOCAN 2024 estimates, which is why rectal bleeding should never be dismissed as a minor issue.","WHO International Agency for Research on Cancer (IARC), GLOBOCAN 2024 Malaysia Fact Sheet | https://gco.iarc.who.int/media/globocan/factsheets/populations/458-malaysia-fact-sheet.pdf",2026-09-14,"CORRECTED from agent's original draft, which cited the 2017-2021 National Cancer Registry Report claiming colorectal was 'the most common cancer among men' - that's now outdated per the same GLOBOCAN 2024 data already verified in the colorectal-cancer article, where lung cancer overtook colorectal as #1 in men (colorectal is #2). Swapped to the GLOBOCAN 2024 source for internal consistency across the dataset."
https://gleneagles.com.my/en/medical-specialties/gastroenterology/diarrhoea,,"In Malaysia, national data show that around 30.3% of stool samples tested from children with acute gastroenteritis are positive for rotavirus, according to a 2025 study in the Malaysian Journal of Pathology, making it one of the leading viral causes of diarrhoea in young children.","Malaysian Journal of Pathology (Ding CH et al., 2025;47(1):85-90) | https://www.mjpath.org.my/2025/v47n1/acute-rotavirus-gastroenteritis.pdf",2026-09-14,National average positivity rate cited in the paper (range 16% in Kota Kinabalu to 54% in Penang).
https://gleneagles.com.my/en/medical-specialties/gastroenterology/diarrhoea,Maintaining good food safety practices can help prevent diarrhoea.,"Maintaining good food safety practices can help prevent diarrhoea, which matters given that Malaysia's food poisoning incidence rate climbed to about 51 cases per 100,000 population in 2023, more than double the 2021 rate, according to Ministry of Health data cited by the Malaysian Medical Association.","The Vibes, citing Ministry of Health Malaysia data via MMA president Dr Azizan Abdul Aziz | https://www.thevibes.com/articles/news/102913/high-number-of-food-poisoning-cases-worrying-says-mma",2026-09-14,"Primary MOH report inaccessible (403), but figure corroborated across multiple Malaysian outlets and a peer-reviewed 53.67/100,000 estimate for 2023."
https://gleneagles.com.my/en/medical-specialties/obstetrics-and-gynaecology-og/early-signs-of-pregnancy,,"Malaysia recorded 414,918 live births in 2024, according to the Department of Statistics Malaysia, so hundreds of thousands of women navigate these early symptoms each year.","Department of Statistics Malaysia (DOSM), Vital Statistics Malaysia 2024/2025 release | https://www.dosm.gov.my/portal-main/release-content/vital-statistics-malaysia-2025",2026-09-14,"Most recent DOSM release (Oct 2025, covering 2024 data)."
https://gleneagles.com.my/en/medical-specialties/obstetrics-and-gynaecology-og/early-signs-of-pregnancy,,"The Ministry of Health Malaysia's Perinatal Care Manual recommends a schedule of up to ten antenatal visits for first pregnancies and eight for subsequent ones, with the first ideally booked before 12 weeks of gestation.","Ministry of Health Malaysia (KKM), Perinatal Care Manual, 4th Edition (2023) | https://hq.moh.gov.my/bpkk/images/PERINATAL_CARE_MANUAL_4th_Edition_2020_11Mei2023.pdf",2026-09-14,Visit counts drawn from Table 2.1 of the official manual.
https://gleneagles.com.my/en/medical-specialties/obstetrics-and-gynaecology-og/early-signs-of-pregnancy,,"Twin births have become markedly more common worldwide, climbing from about nine to twelve per 1,000 deliveries over the past four decades, or roughly one in every 42 babies, according to a 2021 study published in the journal Human Reproduction.","Monden, Pison & Smits, Twin Peaks: more twinning in humans than ever before, Human Reproduction (2021) | https://academic.oup.com/humrep/article/36/6/1666/6168658",2026-09-14,"FLAGGED: No current Malaysia-specific multiple-pregnancy rate exists; only local figure found (National Obstetrics Registry) uses 2010 data, too dated. Global stat used instead."
https://gleneagles.com.my/penang/en/articles/dealing-with-fevers-in-children,,"The typical recommended dose is 15 mg/kg of paracetamol every four to six hours, up to a maximum of 60 mg/kg in a day, and it's worth checking this carefully, since a 2022 study of parents in Penang found many were unknowingly giving their children the wrong amount, with toddlers more often overdosed and children aged seven and above more often underdosed.","Yeoh ET, Goh AWL, Chong CP, Journal of Applied Pharmaceutical Science, 2022 | https://japsonline.com/abstract.php?article_id=3543&sts=2",2026-09-14,Concrete Penang-specific dosing-error data added after vague paracetamol advice.
https://gleneagles.com.my/penang/en/articles/dealing-with-fevers-in-children,,"Febrile seizures themselves are actually fairly common, affecting an estimated 2% to 5% of children under five years old, and the large majority are brief and resolve without any lasting harm.","American Academy of Pediatrics, Febrile Seizures Guideline, Pediatrics | https://publications.aap.org/pediatrics/article/127/2/389/65189/Febrile-Seizures-Guideline-for-the-Neurodiagnostic",2026-09-14,FLAGGED: Global figure used - a 2023 Hospital USM paper explicitly states no Malaysia prevalence study for febrile seizures has ever been performed.
https://gleneagles.com.my/penang/en/articles/dealing-with-fevers-in-children,,"Kawasaki disease, one of the rarer causes listed above, has also been diagnosed more often in Malaysia in recent years, with a Southern Malaysia registry recording its incidence in children under five rising from 5.7 to 19.6 per 100,000 between 2006 and 2019.","Population-based study, European Journal of Pediatrics, 2021 | https://pubmed.ncbi.nlm.nih.gov/34086103/",2026-09-14,"Concrete, verifiable Malaysian incidence trend for Kawasaki Disease, previously named with no data."
https://gleneagles.com.my/en/medical-specialties/cardiology/warning-signs-and-symptoms-of-heart-attack-cardiac-arrest-and-stroke,,"Malaysia's National Cardiovascular Disease Database recorded a median door-to-balloon time of 69.5 minutes for heart attack patients needing emergency artery-opening treatment in its latest 2020-2021 registry report, with only 63.6% treated within the recommended 90 minutes, which is why every minute counts once symptoms begin.","National Cardiovascular Disease Database (NCVD-ACS) Registry Report 2020-2021, National Heart Association of Malaysia | https://www.acrm.org.my/ncvd/documents/report/ACS%20Report%202020-2021_Final.pdf",2026-09-14,"Concrete, current national treatment-speed benchmark."
https://gleneagles.com.my/en/medical-specialties/cardiology/warning-signs-and-symptoms-of-heart-attack-cardiac-arrest-and-stroke,,"A 2025 study in the Medical Journal of Malaysia tracking emergency services across Penang, Klang Valley and Sarawak found that survival to hospital admission after cardiac arrest was just 4.76% overall, rising to 14.7% when the collapse was witnessed and bystanders started CPR before a shockable heart rhythm was found.","Med J Malaysia Vol 80 No 2, March 2025 | https://www.e-mjm.org/2025/v80n2/out-of-hospital-cardiac-arrest.pdf",2026-09-14,Freshly published (March 2025); supports urgency of recognising signs and starting bystander CPR.
https://gleneagles.com.my/en/medical-specialties/cardiology/warning-signs-and-symptoms-of-heart-attack-cardiac-arrest-and-stroke,,"Only about a third of ischaemic stroke patients (36.3%) reached a Malaysian hospital within the 4.5-hour window needed for clot-dissolving treatment, according to the National Stroke Registry Malaysia's 2017-2024 report, underscoring why calling for help the moment these signs appear can change the outcome.","Malaysia National Stroke Registry Report 2017-2024, Malaysian Society of Neurosciences | https://www.neuro.org.my/assets/pdf/Malaysia%20National%20Stroke%20Registry%202017-2024%20(eBook%20Version).pdf",2026-09-14,Published 2025 covering data through 2024; ties symptom recognition speed to treatment eligibility.
https://gleneagles.com.my/en/health-digest/heart-rates,A normal resting heart rate for adults ranges between 60 and 100 beats per minute (bpm).,A normal resting heart rate for adults ranges between 60 and 100 beats per minute (bpm). The American Heart Association still lists this same 60 to 100 bpm range as the standard for a healthy adult resting heart rate.,"American Heart Association, All About Heart Rate (Pulse) | https://www.heart.org/en/health-topics/high-blood-pressure/the-facts-about-high-blood-pressure/all-about-heart-rate-pulse",2026-09-14,"Baseline resting heart rate threshold is a global clinical constant, so authoritative body reference used rather than forcing a local figure."
https://gleneagles.com.my/en/health-digest/heart-rates,"Arrhythmia refers to irregularities in the heartbeat, manifesting as either a rapid (tachycardia), slow (bradycardia), or erratic rhythm.","Arrhythmia refers to irregularities in the heartbeat, manifesting as either a rapid (tachycardia), slow (bradycardia), or erratic rhythm. Atrial fibrillation, the most common sustained arrhythmia, was found in 0.54% of adults in a nationwide Malaysian community-based study, below the global average of about 1%.","Prevalence of atrial fibrillation in the Malaysian communities (Heart Asia, REDISCOVER study) | https://pmc.ncbi.nlm.nih.gov/articles/PMC5133392/",2026-09-14,"Most recent Malaysia-specific AF prevalence figure available (2016 publication, still the reference figure in current regional literature)."
https://gleneagles.com.my/en/health-digest/heart-rates,,"Heart rate checks matter in Malaysia specifically, since the 2023 National Health and Morbidity Survey found that 21.4% of adults aged 30 and above carry a high 10-year risk of cardiovascular disease.","National Health and Morbidity Survey (NHMS) 2023, Malaysia | https://pmc.ncbi.nlm.nih.gov/articles/PMC12333060/",2026-09-14,Grounds the 'When to Seek Medical Attention' advice in current national cardiovascular risk data.
https://www.pantai.com.my/en/medical-specialties/dermatology/hives,,"A seven-year audit of dermatology outpatients at Hospital Kuala Lumpur found urticaria and angioedema accounted for about 4 percent of new skin disease diagnoses, making it the fifth most common skin condition seen at the clinic.","Malaysian Journal of Dermatology, Heah SK, Mohd Noor N, Johar A (2017) | https://www.ayskinspecialist.com/images/news-media/malaysian-journal-of-dermatology-2017/Booklet_A4_Malaysian_Journal_of_Dermatology_2017.pdf",2026-09-14,"Concrete local prevalence figure (2,478 of 59,967 diagnoses, 2008-2014 data); most recent local audit found."
https://www.pantai.com.my/en/medical-specialties/dermatology/hives,Oral steroids like prednisone help severe acute hives unresponsive to antihistamines; they're not recommended for long-term use due to potential serious side effects,"Oral steroids like prednisone help severe acute hives unresponsive to antihistamines; Malaysia's national urticaria expert group (MARTEG) recommends limiting these to short courses of prednisolone 0.5mg/kg per day for three to seven days, and strongly discourages frequent or prolonged steroid courses because of serious side effects","Malaysia Urticaria Expert Group (MARTEG) Meeting Outcomes, Malaysian Journal of Dermatology 2017 | https://www.ayskinspecialist.com/images/news-media/malaysian-journal-of-dermatology-2017/Booklet_A4_Malaysian_Journal_of_Dermatology_2017.pdf",2026-09-14,"Concrete, verifiable local dosing guideline from a named Malaysian specialist consensus group."
https://www.pantai.com.my/en/medical-specialties/dermatology/hives,"They can disrupt sleep, work, or school but are treatable in most people.","They can disrupt sleep, work, or school but are treatable in most people; a University of Malaya study of 115 adults with chronic spontaneous urticaria found more than a third reported severely impaired quality of life and over half had clinically significant anxiety.","Yong SS, Robinson S, Kwan Z, et al., Psychology, Health & Medicine, Vol 28 No 2 (2022), University of Malaya | https://pubmed.ncbi.nlm.nih.gov/35057684/",2026-09-14,"Quantifies the 'disrupt sleep, work, or school' claim with a recent Malaysian cohort statistic."
https://gleneagles.com.my/en/health-digest/practice-these-sleeping-positions-if-you-have-lower-back-pain,Low back pain is relatively prevalent with more than 80% of people experience low back pain at least once in their lifetime.,"Low back pain is common, and local research has found it affecting as many as 72.9% of secondary school teachers in Putrajaya, one of several Malaysian occupational groups shown to be significantly affected.","Prevalence and Risk Factors of Low Back Pain in Malaysia: A Scoping Review, Malaysian Journal of Medical Sciences (2023) | https://pmc.ncbi.nlm.nih.gov/articles/PMC10325122/",2026-09-14,"Replaces vague unsourced claim with a sourced, occupation-specific figure (teachers) not already used in the sciatica article (nursing/driving)."
https://gleneagles.com.my/en/health-digest/practice-these-sleeping-positions-if-you-have-lower-back-pain,Typically occurs between the ages of 30 and 50,"Typically occurs between the ages of 30 and 50, though a 2023 scoping review of Malaysian studies found the prevalence climbing further among those aged 40 to 59","Prevalence and Risk Factors of Low Back Pain in Malaysia: A Scoping Review, Malaysian Journal of Medical Sciences (2023) | https://pmc.ncbi.nlm.nih.gov/articles/PMC10325122/",2026-09-14,"Adds age-group breakdown, a different angle from prevalence range/occupational figures already used elsewhere."
https://gleneagles.com.my/en/health-digest/practice-these-sleeping-positions-if-you-have-lower-back-pain,,"This is reflected in a Kuala Lumpur study cited in the same review, where 60.6% of office workers surveyed reported experiencing low back pain.","Prevalence and Risk Factors of Low Back Pain in Malaysia: A Scoping Review, Malaysian Journal of Medical Sciences (2023) | https://pmc.ncbi.nlm.nih.gov/articles/PMC10325122/",2026-09-14,"Office-worker figure, distinct from nursing/driving stats already used in the sciatica article."
https://www.pantai.com.my/en/medical-specialties/respiratory-medicine/tuberculosis,"According to the World Health Organisation (WHO), approximately 1.3 million people died due to tuberculosis in 2022, while 10.6 million people were affected by tuberculosis.","Worldwide, the WHO's Global Tuberculosis Report 2025 estimated 10.7 million new tuberculosis cases and 1.23 million deaths in 2024.",WHO Global Tuberculosis Report 2025 | https://www.who.int/teams/global-programme-on-tuberculosis-and-lung-health/tb-reports/global-tuberculosis-report-2025,2026-09-14,Global figure refreshed from 2022 to latest 2024 WHO estimate.
https://www.pantai.com.my/en/medical-specialties/respiratory-medicine/tuberculosis,"In Malaysia, there were about 78 cases per 100000 population, with a mortality rate of 7.9 per 1000000 population reported in 2022.","Malaysia recorded 26,183 tuberculosis cases in 2024, with a national mortality rate of 7.58 per 100,000 population, according to Ministry of Health data tabled in Parliament in March 2025.","Malaysia Ministry of Health (via Dewan Negara written reply, reported by The Star) | https://www.thestar.com.my/news/nation/2025/03/20/health-ministry-committed-to-minimise-tuberculosis-cases-by-2030",2026-09-14,Replaces 2022 figures with latest official 2024 MOH case count/mortality rate.
https://www.pantai.com.my/en/medical-specialties/respiratory-medicine/tuberculosis,,"Health experts have cautioned that Malaysia's true TB burden may be higher than official statistics suggest, as WHO estimates put the incidence closer to 110 cases per 100,000 population against the roughly 70 per 100,000 officially reported between 2023 and 2024.",The Edge Malaysia (citing WHO estimates) | https://theedgemalaysia.com/node/794166,2026-09-14,"New addition on likely underreporting, reinforcing early testing message."
https://gleneagles.com.my/en/health-digest/prediabetes,"Normal blood glucose ranges from 70-99 mg/dL (3.9-5.5 mmol/L), while prediabetes typically measures between 110-125 mg/dL (5.6-6.9 mmol/L).","Normal blood glucose ranges from 70-99 mg/dL (3.9-5.5 mmol/L), while prediabetes typically measures between 100-125 mg/dL (5.6-6.9 mmol/L), per the American Diabetes Association's current fasting plasma glucose criteria.","American Diabetes Association, Standards of Care in Diabetes-2026 | https://diabetesjournals.org/care/article/49/Supplement_1/S27/163926/2-Diagnosis-and-Classification-of-Diabetes",2026-09-14,Corrects an internal inconsistency in the original article: 110 mg/dL does not equal 5.6 mmol/L; fixed to 100 mg/dL. Threshold is an international clinical standard.
https://gleneagles.com.my/en/health-digest/prediabetes,,"A two-year study of 705 prediabetic adults attending health clinics in Terengganu found that 15.9% went on to develop type 2 diabetes, showing how quickly the condition can advance without intervention.","Yusof et al., Malaysian Family Physician (2026) | https://pmc.ncbi.nlm.nih.gov/articles/PMC12907689/",2026-09-14,"Concrete Malaysian progression rate, distinct from prevalence figures used on the Pantai sister article."
https://gleneagles.com.my/en/health-digest/prediabetes,,"Among Malaysians in that same Terengganu cohort, a quarter reverted to normal blood glucose within two years after adopting lifestyle changes such as increased activity and weight loss.","Yusof et al., Malaysian Family Physician (2026) | https://pmc.ncbi.nlm.nih.gov/articles/PMC12907689/",2026-09-14,"Local evidence that reversal is achievable, reinforcing prevention message."
https://gleneagles.com.my/penang/en/articles/what-all-parents-need-to-know-about-hand-foot-mouth-disease-(hfmd)-in-malaysia,,"Cases nationwide surged to 99,601 as of epidemiological week 17 in 2025, a 266% jump from the 27,236 cases recorded over the same period in 2024, according to the Ministry of Health.",The Star (citing Malaysia Ministry of Health) | https://www.thestar.com.my/news/nation/2025/05/13/selangor-tops-hfmd-cases-as-malaysia-sees-266-rise,2026-09-14,"Concrete, current MOH figure for the 'rising sharply nationwide' claim."
https://gleneagles.com.my/penang/en/articles/what-all-parents-need-to-know-about-hand-foot-mouth-disease-(hfmd)-in-malaysia,,"The Ministry of Health logged 2,649 HFMD outbreaks nationwide in 2025, a 98% increase from the 1,339 outbreaks reported over the same period in 2024, showing how quickly the virus can spread through schools and childcare centres.",Free Malaysia Today (citing Malaysia Ministry of Health) | https://www.freemalaysiatoday.com/category/nation/2025/05/12/266-spike-in-hfmd-cases-reported-nationwide,2026-09-14,Official outbreak count backing up contagiousness claim.
https://gleneagles.com.my/penang/en/articles/what-all-parents-need-to-know-about-hand-foot-mouth-disease-(hfmd)-in-malaysia,,"Hand, foot and mouth disease has been a legally notifiable illness in Malaysia since 2006 under the Prevention and Control of Infectious Diseases Act, so every diagnosed case must be reported to the National HFMD Surveillance System.","PLOS Neglected Tropical Diseases (Spatio-temporal dynamics of HFMD in Malaysia, 2009-2019) | https://pmc.ncbi.nlm.nih.gov/articles/PMC12180618/",2026-09-14,Reinforces official surveillance/YMYL trust.
https://gleneagles.com.my/en/health-digest/leg-cramps,Leg cramps are a common condition in which the leg muscles suddenly tighten and become painful.,Leg cramps are a common condition in which the leg muscles suddenly tighten and become painful. Studies estimate that 50% to 60% of healthy adults experience muscle cramps at some point in their lives.,"StatPearls (NCBI Bookshelf) - Muscle Cramps, updated 14 Sep 2025 | https://www.ncbi.nlm.nih.gov/books/NBK499895/",2026-09-14,FLAGGED: No Malaysia-specific prevalence figure found for muscle/leg cramps anywhere; global reference used.
https://gleneagles.com.my/en/health-digest/leg-cramps,"As people age, they may experience more frequent leg cramps, though the exact reason remains unclear.","As people age, they may experience more frequent leg cramps, though the exact reason remains unclear. Nocturnal leg cramps are estimated to affect around 40% of adults over the age of 50.","StatPearls (NCBI Bookshelf) - Muscle Cramps, updated 14 Sep 2025 | https://www.ncbi.nlm.nih.gov/books/NBK499895/",2026-09-14,FLAGGED: No Malaysia-specific older-adult leg cramp data found.
https://gleneagles.com.my/en/health-digest/leg-cramps,Extra weight during pregnancy may strain the leg muscles and cause leg cramps.,"Extra weight during pregnancy may strain the leg muscles and cause leg cramps, a symptom estimated to affect 30% to 50% of pregnant women.","StatPearls (NCBI Bookshelf) - Muscle Cramps, updated 14 Sep 2025 | https://www.ncbi.nlm.nih.gov/books/NBK499895/",2026-09-14,FLAGGED: No Malaysia-specific pregnancy leg cramp data found (only a non-Malaysian Jordan study exists).
